{
    "data": [
        {
            "id": 7,
            "type": "vJewelleries",
            "attributes": {
                "category_id": 1,
                "category": "браслеты",
                "name": "Браслеты золото проба 750  покрытие (эмаль) цвет желтый со вставками (агат огненный фианит) артикул db51d43892290b895ce9",
                "slug": "braslety-zoloto-proba-750-pokrytie-emal-cvet-zeltyi-so-vstavkami-agat-ognennyi-fianit-artikul-db51d43892290b895ce9",
                "description": "I can creep under the circumstances. There was nothing on it but tea. 'I don't think it's at all the right size, that it had lost something; and she tried to fancy to herself 'Now I can find them.'.",
                "part_number": "db51d43892290b895ce9",
                "approx_weight": "9.99",
                "is_active": true,
                "created_at": "2025-09-11 21:00:57",
                "updated_at": null,
                "quantity": 31,
                "avg_price": "240424.00",
                "max_price": "250540.00",
                "min_price": "235600.00",
                "spec_props": "{\"base\": \"металлическая\", \"clasp\": \"шарнир\", \"base_id\": 1, \"weaving\": \"ромб двойной\", \"clasp_id\": 10, \"body_part\": \"запястье\", \"weaving_id\": 11, \"bracelet_id\": 2, \"body_part_id\": 1, \"size_price_quantity\": [{\"size\": 17.5, \"price\": 235600.00, \"quantity\": 5}, {\"size\": 18.0, \"price\": 236750.00, \"quantity\": 9}, {\"size\": 18.5, \"price\": 237890.00, \"quantity\": 7}, {\"size\": 20.0, \"price\": 241340.00, \"quantity\": 4}, {\"size\": 24.0, \"price\": 250540.00, \"quantity\": 6}]}",
                "inserts": "[{\"stone\": {\"id\": 43, \"name\": \"агат огненный\", \"alt_name\": \"агат пламенный\", \"description\": \"Огненный агат – это разновидность халцедона, содержащая включения гетита или лимонита и имеющая переливчатый эффект – «огонь».\"}, \"family\": {\"id\": 9, \"name\": \"кварц\", \"description\": \"Кварц является вторым наиболее распространенным минералом на земле после полевого шпата, группа включает Агат, Аметист, Авантюрин, Сердолик, Оникс и другие\"}, \"origin\": {\"id\": 1, \"name\": \"природные\", \"description\": \"Минерал, образовавшийся в природе, который обладает красотой, редкостью и прочностью, делающими его ценным для использования в ювелирных изделиях\"}, \"inserts\": {\"unit\": \"карат\", \"weight\": 1.493, \"quantity\": 6, \"insert_id\": 9, \"dimensions\": {\"высота\": \"5 мм\", \"ширина\": \"3 мм\"}, \"optional_info\": {\"info\": {\"name\": \"Oral Gottlieb\", \"description\": \"Alice, and the Cat. '--so long and walked off that!' screamed the sort,' said the looking-glass.\"}}}, \"exterior\": {\"id\": 3, \"facet\": \"груша\", \"colour\": \"коричневый\", \"facet_description\": \"Огранка «Груша» имеет 55-56 граней, как и огранка «Овал» и «Маркиз». Из-за своей удлиненной формы, камень в этой огранке выглядит крупнее.\", \"colour_description\": \"\"}, \"opt_effect\": {\"id\": null, \"name\": null, \"description\": null}, \"classification\": {\"grade_id\": 5, \"group_id\": 3, \"grade_name\": \"ювелирно-поделочный камень первого порядка\", \"group_name\": \"ювелирно-поделочные\", \"grade_description\": \"Градация для группы \\\"ювелирно-поделочные камни\\\"\", \"group_description\": \"Группа камней следующая после драгоценных и ювелирных. Внутри группы камни подразделяются на два порядка\"}}, {\"stone\": {\"id\": 79, \"name\": \"фианит\", \"alt_name\": \"бриллиант имитация\", \"description\": \"Фианит - это искусственно выращенный кристалл, диоксид циркония, который часто используется в ювелирном деле для имитации бриллиантов.\"}, \"family\": {\"id\": null, \"name\": null, \"description\": null}, \"origin\": {\"id\": 2, \"name\": \"имитация\", \"description\": \"Синтезированные в лабораторных условиях камни для имитации драгоценных, но с другим химическим составом\"}, \"inserts\": {\"unit\": \"карат\", \"weight\": 0.388, \"quantity\": 30, \"insert_id\": 10, \"dimensions\": {\"диаметр\": \"1.6 мм\"}, \"optional_info\": {\"info\": {\"name\": \"Helga Balistreri\", \"description\": \"March Hare. The King said Alice hastily; 'but little dears came jumping merrily along the Gryphon.\"}}}, \"exterior\": {\"id\": 6, \"facet\": \"круг\", \"colour\": \"бесцветный\", \"facet_description\": \"Типичная форма для камня - круглая с 57 гранями, что позволяет полностью раскрыть красоту и блеск кристалла.\", \"colour_description\": \"\"}, \"opt_effect\": {\"id\": null, \"name\": null, \"description\": null}, \"classification\": {\"grade_id\": null, \"group_id\": null, \"grade_name\": null, \"group_name\": null, \"grade_description\": null, \"group_description\": null}}]",
                "coverages": "[{\"coverage\": \"эмаль\", \"coverage_id\": 3, \"coverage_type\": \"декоративное\", \"coverage_type_id\": 1}]",
                "metals": "[{\"metal\": \"золото\", \"colour\": \"желтый\", \"hallmark\": 750, \"metal_id\": 1, \"colour_id\": 1, \"hallmark_id\": 4, \"metal_details\": \"золото цвет желтый проба 750\", \"metal_details_id\": 5}]"
            }
        },
        {
            "id": 48,
            "type": "vJewelleries",
            "attributes": {
                "category_id": 1,
                "category": "браслеты",
                "name": "Браслеты золото проба 375  покрытие (эмаль) цвет желтый без вставок артикул 7647dd89936f3d603f3d",
                "slug": "braslety-zoloto-proba-375-pokrytie-emal-cvet-zeltyi-bez-vstavok-artikul-7647dd89936f3d603f3d",
                "description": "There was not quite know what to uglify is, you see, as she stood looking at them with one eye, How the Owl and the others all joined in chorus, 'Yes, please do!' but the Hatter was the first.",
                "part_number": "7647dd89936f3d603f3d",
                "approx_weight": "4.62",
                "is_active": true,
                "created_at": "2025-09-11 21:01:01",
                "updated_at": null,
                "quantity": 88,
                "avg_price": "105344.67",
                "max_price": "110920.00",
                "min_price": "100840.00",
                "spec_props": "{\"base\": \"металлическая\", \"clasp\": \"крючок\", \"base_id\": 1, \"weaving\": null, \"clasp_id\": 7, \"body_part\": \"запястье\", \"weaving_id\": null, \"bracelet_id\": 4, \"body_part_id\": 1, \"size_price_quantity\": [{\"size\": 15.0, \"price\": 100840.00, \"quantity\": 8}, {\"size\": 16.0, \"price\": 101850.00, \"quantity\": 9}, {\"size\": 16.5, \"price\": 102350.00, \"quantity\": 5}, {\"size\": 17.0, \"price\": 102860.00, \"quantity\": 0}, {\"size\": 17.5, \"price\": 103360.00, \"quantity\": 9}, {\"size\": 18.0, \"price\": 103870.00, \"quantity\": 4}, {\"size\": 18.5, \"price\": 104370.00, \"quantity\": 6}, {\"size\": 19.0, \"price\": 104870.00, \"quantity\": 9}, {\"size\": 19.5, \"price\": 105380.00, \"quantity\": 8}, {\"size\": 20.0, \"price\": 105880.00, \"quantity\": 7}, {\"size\": 21.0, \"price\": 106890.00, \"quantity\": 0}, {\"size\": 22.0, \"price\": 107900.00, \"quantity\": 0}, {\"size\": 23.0, \"price\": 108910.00, \"quantity\": 3}, {\"size\": 24.0, \"price\": 109920.00, \"quantity\": 10}, {\"size\": 25.0, \"price\": 110920.00, \"quantity\": 10}]}",
                "inserts": null,
                "coverages": "[{\"coverage\": \"эмаль\", \"coverage_id\": 3, \"coverage_type\": \"декоративное\", \"coverage_type_id\": 1}]",
                "metals": "[{\"metal\": \"золото\", \"colour\": \"желтый\", \"hallmark\": 375, \"metal_id\": 1, \"colour_id\": 1, \"hallmark_id\": 1, \"metal_details\": \"золото цвет желтый проба 375\", \"metal_details_id\": 1}]"
            }
        },
        {
            "id": 85,
            "type": "vJewelleries",
            "attributes": {
                "category_id": 1,
                "category": "браслеты",
                "name": "Браслеты золото проба 585  без покрытия цвет красный со вставками (рубин) артикул 461648c7347b25890c7b",
                "slug": "braslety-zoloto-proba-585-bez-pokrytiia-cvet-krasnyi-so-vstavkami-rubin-artikul-461648c7347b25890c7b",
                "description": "The Knave shook his grey locks, 'I kept all my life!' Just as she could. 'No,' said the Caterpillar. Alice folded her hands, and she at once crowded round it, panting, and asking, 'But who is Dinah.",
                "part_number": "461648c7347b25890c7b",
                "approx_weight": "4.58",
                "is_active": true,
                "created_at": "2025-09-11 21:01:05",
                "updated_at": null,
                "quantity": 38,
                "avg_price": "259462.86",
                "max_price": "268430.00",
                "min_price": "251200.00",
                "spec_props": "{\"base\": \"металлическая\", \"clasp\": \"резьбовая\", \"base_id\": 1, \"weaving\": null, \"clasp_id\": 4, \"body_part\": \"запястье\", \"weaving_id\": null, \"bracelet_id\": 8, \"body_part_id\": 1, \"size_price_quantity\": [{\"size\": 17.0, \"price\": 251200.00, \"quantity\": 6}, {\"size\": 18.5, \"price\": 254890.00, \"quantity\": 3}, {\"size\": 19.0, \"price\": 256120.00, \"quantity\": 6}, {\"size\": 20.0, \"price\": 258580.00, \"quantity\": 5}, {\"size\": 21.0, \"price\": 261050.00, \"quantity\": 10}, {\"size\": 23.0, \"price\": 265970.00, \"quantity\": 8}, {\"size\": 24.0, \"price\": 268430.00, \"quantity\": 0}]}",
                "inserts": "[{\"stone\": {\"id\": 2, \"name\": \"рубин\", \"alt_name\": \"рубин\", \"description\": \"Любая красная, розово-красная или фиолетово-красная форма корунда ювелирного качества, окрашенная хромом.\"}, \"family\": {\"id\": 2, \"name\": \"корунд\", \"description\": \"Корунды – это вторая после алмазов группа минералов относящаяся к драгоценным и включает такие камни как Сапфир и Рубин\"}, \"origin\": {\"id\": 1, \"name\": \"природные\", \"description\": \"Минерал, образовавшийся в природе, который обладает красотой, редкостью и прочностью, делающими его ценным для использования в ювелирных изделиях\"}, \"inserts\": {\"unit\": \"карат\", \"weight\": 0.905, \"quantity\": 9, \"insert_id\": 106, \"dimensions\": {\"диаметр\": \"1.9 мм\"}, \"optional_info\": {\"info\": {\"name\": \"Mr. Orin Wiegand IV\", \"description\": \"I'm pleased, and rabbits. I hadn't cried Alice, (she was talking. 'How CAN all that.' 'With.\"}}}, \"exterior\": {\"id\": 6, \"facet\": \"круг\", \"colour\": \"красный\", \"facet_description\": \"Типичная форма для камня - круглая с 57 гранями, что позволяет полностью раскрыть красоту и блеск кристалла.\", \"colour_description\": \"\"}, \"opt_effect\": {\"id\": null, \"name\": null, \"description\": null}, \"classification\": {\"grade_id\": null, \"group_id\": 1, \"grade_name\": null, \"group_name\": \"драгоценные\", \"grade_description\": null, \"group_description\": \"Драгоценными камнями в России официально являются алмазы, рубины, изумруды, сапфиры, александриты и природный жемчуг\"}}]",
                "coverages": null,
                "metals": "[{\"metal\": \"золото\", \"colour\": \"красный\", \"hallmark\": 585, \"metal_id\": 1, \"colour_id\": 3, \"hallmark_id\": 3, \"metal_details\": \"золото цвет красный проба 585\", \"metal_details_id\": 2}]"
            }
        },
        {
            "id": 87,
            "type": "vJewelleries",
            "attributes": {
                "category_id": 1,
                "category": "браслеты",
                "name": "Браслеты золото проба 375  без покрытия цвет желтый со вставками (черный опал благородный цимофан) артикул 6bb6339cbbd4103ec425",
                "slug": "braslety-zoloto-proba-375-bez-pokrytiia-cvet-zeltyi-so-vstavkami-cernyi-opal-blagorodnyi-cimofan-artikul-6bb6339cbbd4103ec425",
                "description": "Alice looked down at once, with a teacup in one hand and a long sleep you've had!' 'Oh, I've had such a subject! Our family always HATED cats: nasty, low, vulgar things! Don't let me hear the rattle.",
                "part_number": "6bb6339cbbd4103ec425",
                "approx_weight": "7.81",
                "is_active": true,
                "created_at": "2025-09-11 21:01:05",
                "updated_at": null,
                "quantity": 51,
                "avg_price": "168510.00",
                "max_price": "176050.00",
                "min_price": "161510.00",
                "spec_props": "{\"base\": \"металлическая\", \"clasp\": \"коробка\", \"base_id\": 1, \"weaving\": \"сингапур\", \"clasp_id\": 3, \"body_part\": \"запястье\", \"weaving_id\": 13, \"bracelet_id\": 9, \"body_part_id\": 1, \"size_price_quantity\": [{\"size\": 15.0, \"price\": 161510.00, \"quantity\": 2}, {\"size\": 16.0, \"price\": 163130.00, \"quantity\": 7}, {\"size\": 16.5, \"price\": 163930.00, \"quantity\": 9}, {\"size\": 17.5, \"price\": 165550.00, \"quantity\": 1}, {\"size\": 18.5, \"price\": 167160.00, \"quantity\": 1}, {\"size\": 19.0, \"price\": 167970.00, \"quantity\": 4}, {\"size\": 19.5, \"price\": 168780.00, \"quantity\": 3}, {\"size\": 20.0, \"price\": 169590.00, \"quantity\": 2}, {\"size\": 21.0, \"price\": 171200.00, \"quantity\": 3}, {\"size\": 22.0, \"price\": 172820.00, \"quantity\": 2}, {\"size\": 23.0, \"price\": 174430.00, \"quantity\": 10}, {\"size\": 24.0, \"price\": 176050.00, \"quantity\": 7}]}",
                "inserts": "[{\"stone\": {\"id\": 18, \"name\": \"цимофан\", \"alt_name\": \"хризоберилл\", \"description\": \"К цимофану относят только лишь хризоберилл с оптическим эффектом кошачьего глаза. Настоящий цимофан – один из самых редких и самых дорогих ювелирных камней.\"}, \"family\": {\"id\": 4, \"name\": \"хризоберилл\", \"description\": \"Хризоберилл драгоценный минерал, самый известный камень этой группы Алксандрит\"}, \"origin\": {\"id\": 1, \"name\": \"природные\", \"description\": \"Минерал, образовавшийся в природе, который обладает красотой, редкостью и прочностью, делающими его ценным для использования в ювелирных изделиях\"}, \"inserts\": {\"unit\": \"карат\", \"weight\": 1.004, \"quantity\": 9, \"insert_id\": 111, \"dimensions\": {\"высота\": \"5.9 мм\", \"ширина\": \"2.4 мм\"}, \"optional_info\": {\"info\": {\"name\": \"Merritt Stark\", \"description\": \"Alice appeared, and she said the Hatter was speaking, and she had unrolled the officers of sitting.\"}}}, \"exterior\": {\"id\": 9, \"facet\": \"овал\", \"colour\": \"желтый\", \"facet_description\": \"Благодаря удлиненной форме и 57 клиновидным граням камень красиво сверкает и переливается\", \"colour_description\": \"\"}, \"opt_effect\": {\"id\": 1, \"name\": \"кошачий глаз\", \"description\": \"эффект, когда на поверхности камня видна узкая полоска света, напоминающая кошачий зрачок\"}, \"classification\": {\"grade_id\": 3, \"group_id\": 2, \"grade_name\": \"ювелирный камень третьего порядка\", \"group_name\": \"ювелирные\", \"grade_description\": \"Градация для группы \\\"ювелирные камни\\\"\", \"group_description\": \"Группа камней следующая после драгоценных. Внутри группы камни подразделяются на четыре порядка\"}}, {\"stone\": {\"id\": 38, \"name\": \"черный опал благородный\", \"alt_name\": \"благородный черный опал\", \"description\": \"Камень черный опал является одной из самых красивых и самых ценных разновидностей среди опалов.\"}, \"family\": {\"id\": 8, \"name\": \"опал\", \"description\": \"Опалы — разделяются на благородные ювелирные и обыкновенные ювелирно-поделочные разнообразных цветов.\"}, \"origin\": {\"id\": 1, \"name\": \"природные\", \"description\": \"Минерал, образовавшийся в природе, который обладает красотой, редкостью и прочностью, делающими его ценным для использования в ювелирных изделиях\"}, \"inserts\": {\"unit\": \"карат\", \"weight\": 0.580, \"quantity\": 8, \"insert_id\": 110, \"dimensions\": {\"высота\": \"5.5 мм\", \"ширина\": \"3.3 мм\"}, \"optional_info\": {\"info\": {\"name\": \"Dr. Kenyatta Feest PhD\", \"description\": \"These were animals, and hot day to me! There seemed to eat a low curtain she was the edge of.\"}}}, \"exterior\": {\"id\": 9, \"facet\": \"овал\", \"colour\": \"черный\", \"facet_description\": \"Благодаря удлиненной форме и 57 клиновидным граням камень красиво сверкает и переливается\", \"colour_description\": \"\"}, \"opt_effect\": {\"id\": 5, \"name\": \"опалесценция\", \"description\": \"Оптический эффект разделения света на множество цветовых лучей, который усиливает радужную игру красок в камне.\"}, \"classification\": {\"grade_id\": 1, \"group_id\": 2, \"grade_name\": \"ювелирный камень первого порядка\", \"group_name\": \"ювелирные\", \"grade_description\": \"Градация для группы \\\"ювелирные камни\\\"\", \"group_description\": \"Группа камней следующая после драгоценных. Внутри группы камни подразделяются на четыре порядка\"}}]",
                "coverages": null,
                "metals": "[{\"metal\": \"золото\", \"colour\": \"желтый\", \"hallmark\": 375, \"metal_id\": 1, \"colour_id\": 1, \"hallmark_id\": 1, \"metal_details\": \"золото цвет желтый проба 375\", \"metal_details_id\": 1}]"
            }
        },
        {
            "id": 99,
            "type": "vJewelleries",
            "attributes": {
                "category_id": 1,
                "category": "браслеты",
                "name": "Браслеты золото проба 585  без покрытия цвет красный со вставками (сапфир хамелеон) артикул 012b11456c59da6e2017",
                "slug": "braslety-zoloto-proba-585-bez-pokrytiia-cvet-krasnyi-so-vstavkami-sapfir-xameleon-artikul-012b11456c59da6e2017",
                "description": "Lobster Quadrille?' the Gryphon went on. 'Or would you like the largest telescope that ever was! Good-bye, feet!' (for when she got used to say 'creatures,' you see, so many tea-things are put out.",
                "part_number": "012b11456c59da6e2017",
                "approx_weight": "3.84",
                "is_active": true,
                "created_at": "2025-09-11 21:01:07",
                "updated_at": null,
                "quantity": 45,
                "avg_price": "229894.00",
                "max_price": "240380.00",
                "min_price": "221810.00",
                "spec_props": "{\"base\": \"металлическая\", \"clasp\": \"шпрингель\", \"base_id\": 1, \"weaving\": \"ромб двойной\", \"clasp_id\": 2, \"body_part\": \"запястье\", \"weaving_id\": 11, \"bracelet_id\": 10, \"body_part_id\": 1, \"size_price_quantity\": [{\"size\": 16.5, \"price\": 221810.00, \"quantity\": 5}, {\"size\": 17.0, \"price\": 222900.00, \"quantity\": 9}, {\"size\": 18.0, \"price\": 225090.00, \"quantity\": 4}, {\"size\": 19.0, \"price\": 227270.00, \"quantity\": 6}, {\"size\": 19.5, \"price\": 228360.00, \"quantity\": 2}, {\"size\": 20.0, \"price\": 229460.00, \"quantity\": 2}, {\"size\": 21.0, \"price\": 231640.00, \"quantity\": 0}, {\"size\": 22.0, \"price\": 233830.00, \"quantity\": 7}, {\"size\": 24.0, \"price\": 238200.00, \"quantity\": 6}, {\"size\": 25.0, \"price\": 240380.00, \"quantity\": 4}]}",
                "inserts": "[{\"stone\": {\"id\": 5, \"name\": \"сапфир хамелеон\", \"alt_name\": \"сапфир меняющий цвет\", \"description\": \"Редкая разновидность сапфира, которая меняет цвет при различных типах освещения, например, при дневном свете, свете лампы накаливания или флуоресцентном свете.\"}, \"family\": {\"id\": 2, \"name\": \"корунд\", \"description\": \"Корунды – это вторая после алмазов группа минералов относящаяся к драгоценным и включает такие камни как Сапфир и Рубин\"}, \"origin\": {\"id\": 1, \"name\": \"природные\", \"description\": \"Минерал, образовавшийся в природе, который обладает красотой, редкостью и прочностью, делающими его ценным для использования в ювелирных изделиях\"}, \"inserts\": {\"unit\": \"карат\", \"weight\": 0.751, \"quantity\": 4, \"insert_id\": 133, \"dimensions\": {\"высота\": \"5.3 мм\", \"ширина\": \"3.8 мм\"}, \"optional_info\": {\"info\": {\"name\": \"Adolphus Emard Jr.\", \"description\": \"White Rabbit interrupted: 'UNimportant, of mushroom growing too.' 'Yes, it home?' when I COULD.\"}}}, \"exterior\": {\"id\": 8, \"facet\": \"маркиз\", \"colour\": \"синий\", \"facet_description\": \"Форма огранки «Маркиз» - овальная, вытянутая и заостренная с обоих концов. Все 55 граней мерцают и переливаются, что подчеркивает красоту камней\", \"colour_description\": \"\"}, \"opt_effect\": {\"id\": 3, \"name\": \"изменчивость цвета\", \"description\": \" Плеохроизм - волшебный эффект, позволяющий некоторым драгоценным камням менять цвет, если смотреть на них под разными углами или при разном освещении.\"}, \"classification\": {\"grade_id\": null, \"group_id\": 1, \"grade_name\": null, \"group_name\": \"драгоценные\", \"grade_description\": null, \"group_description\": \"Драгоценными камнями в России официально являются алмазы, рубины, изумруды, сапфиры, александриты и природный жемчуг\"}}]",
                "coverages": null,
                "metals": "[{\"metal\": \"золото\", \"colour\": \"красный\", \"hallmark\": 585, \"metal_id\": 1, \"colour_id\": 3, \"hallmark_id\": 3, \"metal_details\": \"золото цвет красный проба 585\", \"metal_details_id\": 2}]"
            }
        },
        {
            "id": 100,
            "type": "vJewelleries",
            "attributes": {
                "category_id": 1,
                "category": "браслеты",
                "name": "Браслеты золото проба 585  без покрытия цвет красный без вставок артикул ba036affac9308dcdb47",
                "slug": "braslety-zoloto-proba-585-bez-pokrytiia-cvet-krasnyi-bez-vstavok-artikul-ba036affac9308dcdb47",
                "description": "Alice. 'It must be Mabel after all, and I never knew whether it was certainly not becoming. 'And that's the jury-box,' thought Alice, 'and those twelve creatures,' (she was rather doubtful whether.",
                "part_number": "ba036affac9308dcdb47",
                "approx_weight": "9.12",
                "is_active": true,
                "created_at": "2025-09-11 21:01:07",
                "updated_at": null,
                "quantity": 74,
                "avg_price": "206335.00",
                "max_price": "217490.00",
                "min_price": "197720.00",
                "spec_props": "{\"base\": \"металлическая\", \"clasp\": \"шпрингель\", \"base_id\": 1, \"weaving\": \"ромб двойной\", \"clasp_id\": 2, \"body_part\": \"запястье\", \"weaving_id\": 11, \"bracelet_id\": 11, \"body_part_id\": 1, \"size_price_quantity\": [{\"size\": 15.0, \"price\": 197720.00, \"quantity\": 6}, {\"size\": 16.0, \"price\": 199700.00, \"quantity\": 1}, {\"size\": 16.5, \"price\": 200690.00, \"quantity\": 5}, {\"size\": 17.0, \"price\": 201670.00, \"quantity\": 10}, {\"size\": 17.5, \"price\": 202660.00, \"quantity\": 5}, {\"size\": 18.0, \"price\": 203650.00, \"quantity\": 3}, {\"size\": 18.5, \"price\": 204640.00, \"quantity\": 3}, {\"size\": 19.0, \"price\": 205630.00, \"quantity\": 3}, {\"size\": 19.5, \"price\": 206620.00, \"quantity\": 1}, {\"size\": 20.0, \"price\": 207610.00, \"quantity\": 5}, {\"size\": 22.0, \"price\": 211560.00, \"quantity\": 4}, {\"size\": 23.0, \"price\": 213540.00, \"quantity\": 10}, {\"size\": 24.0, \"price\": 215510.00, \"quantity\": 8}, {\"size\": 25.0, \"price\": 217490.00, \"quantity\": 10}]}",
                "inserts": null,
                "coverages": null,
                "metals": "[{\"metal\": \"золото\", \"colour\": \"красный\", \"hallmark\": 585, \"metal_id\": 1, \"colour_id\": 3, \"hallmark_id\": 3, \"metal_details\": \"золото цвет красный проба 585\", \"metal_details_id\": 2}]"
            }
        },
        {
            "id": 148,
            "type": "vJewelleries",
            "attributes": {
                "category_id": 1,
                "category": "браслеты",
                "name": "Браслеты золото проба 585  покрытие (родирование) цвет белый со вставками (сапфир берилл бесцветный) артикул 13d7b0c92f5e6bea7247",
                "slug": "braslety-zoloto-proba-585-pokrytie-rodirovanie-cvet-belyi-so-vstavkami-sapfir-berill-bescvetnyi-artikul-13d7b0c92f5e6bea7247",
                "description": "Dormouse crossed the court, arm-in-arm with the lobsters and the words 'EAT ME' were beautifully marked in currants. 'Well, I'll eat it,' said Alice. 'I wonder what I get\" is the capital of Paris.",
                "part_number": "13d7b0c92f5e6bea7247",
                "approx_weight": "3.54",
                "is_active": true,
                "created_at": "2025-09-11 21:01:12",
                "updated_at": null,
                "quantity": 69,
                "avg_price": "110576.36",
                "max_price": "116450.00",
                "min_price": "105860.00",
                "spec_props": "{\"base\": \"металлическая\", \"clasp\": \"резьбовая\", \"base_id\": 1, \"weaving\": null, \"clasp_id\": 4, \"body_part\": \"запястье\", \"weaving_id\": null, \"bracelet_id\": 12, \"body_part_id\": 1, \"size_price_quantity\": [{\"size\": 15.0, \"price\": 105860.00, \"quantity\": 6}, {\"size\": 16.5, \"price\": 107450.00, \"quantity\": 7}, {\"size\": 17.0, \"price\": 107980.00, \"quantity\": 3}, {\"size\": 17.5, \"price\": 108510.00, \"quantity\": 0}, {\"size\": 18.5, \"price\": 109570.00, \"quantity\": 9}, {\"size\": 19.0, \"price\": 110090.00, \"quantity\": 10}, {\"size\": 19.5, \"price\": 110620.00, \"quantity\": 10}, {\"size\": 21.0, \"price\": 112210.00, \"quantity\": 5}, {\"size\": 22.0, \"price\": 113270.00, \"quantity\": 9}, {\"size\": 23.0, \"price\": 114330.00, \"quantity\": 5}, {\"size\": 25.0, \"price\": 116450.00, \"quantity\": 5}]}",
                "inserts": "[{\"stone\": {\"id\": 4, \"name\": \"сапфир\", \"alt_name\": \"лазоревый яхонт\", \"description\": \"Сапфир это драгоценный камень, который относится к классу корундов и отличается самыми разнообразными оттенками синего\"}, \"family\": {\"id\": 2, \"name\": \"корунд\", \"description\": \"Корунды – это вторая после алмазов группа минералов относящаяся к драгоценным и включает такие камни как Сапфир и Рубин\"}, \"origin\": {\"id\": 1, \"name\": \"природные\", \"description\": \"Минерал, образовавшийся в природе, который обладает красотой, редкостью и прочностью, делающими его ценным для использования в ювелирных изделиях\"}, \"inserts\": {\"unit\": \"карат\", \"weight\": 0.945, \"quantity\": 2, \"insert_id\": 197, \"dimensions\": {\"диаметр\": \"2 мм\"}, \"optional_info\": {\"info\": {\"name\": \"Virgil Effertz\", \"description\": \"Hearts, who seemed to put it all come wrong, I'm Mabel, I'll just now, and she comes, to--' At.\"}}}, \"exterior\": {\"id\": 6, \"facet\": \"круг\", \"colour\": \"синий\", \"facet_description\": \"Типичная форма для камня - круглая с 57 гранями, что позволяет полностью раскрыть красоту и блеск кристалла.\", \"colour_description\": \"\"}, \"opt_effect\": {\"id\": null, \"name\": null, \"description\": null}, \"classification\": {\"grade_id\": null, \"group_id\": 1, \"grade_name\": null, \"group_name\": \"драгоценные\", \"grade_description\": null, \"group_description\": \"Драгоценными камнями в России официально являются алмазы, рубины, изумруды, сапфиры, александриты и природный жемчуг\"}}, {\"stone\": {\"id\": 13, \"name\": \"берилл бесцветный\", \"alt_name\": \"гошенит\", \"description\": \"Из богатого семейства бериллов он не такой популярный, как например изумруд или аквамарин, но зато является самым чистым из всех бериллов, ведь цвет бериллов часто зависит от каких-либо примесей.\"}, \"family\": {\"id\": 3, \"name\": \"берилл\", \"description\": \"Берилл это группа из драгоценных и ювелирных минералов, включающая такие камни как Аквамарин, Изумруд, Морганит \"}, \"origin\": {\"id\": 1, \"name\": \"природные\", \"description\": \"Минерал, образовавшийся в природе, который обладает красотой, редкостью и прочностью, делающими его ценным для использования в ювелирных изделиях\"}, \"inserts\": {\"unit\": \"карат\", \"weight\": 0.997, \"quantity\": 8, \"insert_id\": 198, \"dimensions\": {\"высота\": \"5.9 мм\", \"ширина\": \"3.7 мм\"}, \"optional_info\": {\"info\": {\"name\": \"Mr. Arthur Torphy\", \"description\": \"Mock Turtle angrily: 'really you have you got entangled together. Alice looked along the Gryphon.\"}}}, \"exterior\": {\"id\": 13, \"facet\": \"сердце\", \"colour\": \"бесцветный\", \"facet_description\": \"Огранка «Сердце» выглядит очень романтично. Техника получения сердца аналогична грушевой огранке. Однако она более сложная, трудоемкая и дорогостоящая.\", \"colour_description\": \"\"}, \"opt_effect\": {\"id\": null, \"name\": null, \"description\": null}, \"classification\": {\"grade_id\": 3, \"group_id\": 2, \"grade_name\": \"ювелирный камень третьего порядка\", \"group_name\": \"ювелирные\", \"grade_description\": \"Градация для группы \\\"ювелирные камни\\\"\", \"group_description\": \"Группа камней следующая после драгоценных. Внутри группы камни подразделяются на четыре порядка\"}}]",
                "coverages": "[{\"coverage\": \"родирование\", \"coverage_id\": 2, \"coverage_type\": \"защитное\", \"coverage_type_id\": 2}]",
                "metals": "[{\"metal\": \"золото\", \"colour\": \"белый\", \"hallmark\": 585, \"metal_id\": 1, \"colour_id\": 2, \"hallmark_id\": 3, \"metal_details\": \"золото цвет белый проба 585\", \"metal_details_id\": 8}]"
            }
        },
        {
            "id": 187,
            "type": "vJewelleries",
            "attributes": {
                "category_id": 1,
                "category": "браслеты",
                "name": "Браслеты золото проба 585  без покрытия цвет красный со вставками (бриллиант белый опал благородный) артикул 04ae6bee1113a9d3cada",
                "slug": "braslety-zoloto-proba-585-bez-pokrytiia-cvet-krasnyi-so-vstavkami-brilliant-belyi-opal-blagorodnyi-artikul-04ae6bee1113a9d3cada",
                "description": "No, I've made up my mind about it; if I'm Mabel, I'll stay down here! It'll be no use going back to my right size to do such a new idea to Alice, that she had felt quite unhappy at the number of.",
                "part_number": "04ae6bee1113a9d3cada",
                "approx_weight": "2.58",
                "is_active": true,
                "created_at": "2025-09-11 21:01:16",
                "updated_at": null,
                "quantity": 40,
                "avg_price": "152654.00",
                "max_price": "160460.00",
                "min_price": "145870.00",
                "spec_props": "{\"base\": \"металлическая\", \"clasp\": \"тогл\", \"base_id\": 1, \"weaving\": \"бисмарк двойной\", \"clasp_id\": 6, \"body_part\": \"запястье\", \"weaving_id\": 2, \"bracelet_id\": 15, \"body_part_id\": 1, \"size_price_quantity\": [{\"size\": 15.0, \"price\": 145870.00, \"quantity\": 10}, {\"size\": 16.0, \"price\": 147330.00, \"quantity\": 1}, {\"size\": 17.0, \"price\": 148790.00, \"quantity\": 5}, {\"size\": 17.5, \"price\": 149520.00, \"quantity\": 8}, {\"size\": 18.5, \"price\": 150980.00, \"quantity\": 4}, {\"size\": 19.5, \"price\": 152430.00, \"quantity\": 4}, {\"size\": 21.0, \"price\": 154620.00, \"quantity\": 1}, {\"size\": 23.0, \"price\": 157540.00, \"quantity\": 2}, {\"size\": 24.0, \"price\": 159000.00, \"quantity\": 2}, {\"size\": 25.0, \"price\": 160460.00, \"quantity\": 3}]}",
                "inserts": "[{\"stone\": {\"id\": 39, \"name\": \"белый опал благородный\", \"alt_name\": \"благородный белый опал\", \"description\": \"Белый опал характеризуется молочно-матовым фоном, а цвета могут быть очень яркими\"}, \"family\": {\"id\": 8, \"name\": \"опал\", \"description\": \"Опалы — разделяются на благородные ювелирные и обыкновенные ювелирно-поделочные разнообразных цветов.\"}, \"origin\": {\"id\": 1, \"name\": \"природные\", \"description\": \"Минерал, образовавшийся в природе, который обладает красотой, редкостью и прочностью, делающими его ценным для использования в ювелирных изделиях\"}, \"inserts\": {\"unit\": \"карат\", \"weight\": 1.210, \"quantity\": 7, \"insert_id\": 246, \"dimensions\": {\"высота\": \"5.7 мм\", \"ширина\": \"3.4 мм\"}, \"optional_info\": {\"info\": {\"name\": \"Dr. General Rath\", \"description\": \"Alice. 'Oh, I know the soldiers wandered about it.' 'That's the flame of the Cat sitting on 'And.\"}}}, \"exterior\": {\"id\": 13, \"facet\": \"сердце\", \"colour\": \"белый\", \"facet_description\": \"Огранка «Сердце» выглядит очень романтично. Техника получения сердца аналогична грушевой огранке. Однако она более сложная, трудоемкая и дорогостоящая.\", \"colour_description\": \"\"}, \"opt_effect\": {\"id\": 5, \"name\": \"опалесценция\", \"description\": \"Оптический эффект разделения света на множество цветовых лучей, который усиливает радужную игру красок в камне.\"}, \"classification\": {\"grade_id\": 2, \"group_id\": 2, \"grade_name\": \"ювелирный камень второго порядка\", \"group_name\": \"ювелирные\", \"grade_description\": \"Градация для группы \\\"ювелирные камни\\\"\", \"group_description\": \"Группа камней следующая после драгоценных. Внутри группы камни подразделяются на четыре порядка\"}}, {\"stone\": {\"id\": 1, \"name\": \"бриллиант\", \"alt_name\": \"бриллиант\", \"description\": \"Бриллиант это алмаз, которому посредством обработки придана ограненная форма, максимально выявляющая его естественный блеск.\"}, \"family\": {\"id\": 1, \"name\": \"алмаз\", \"description\": \"Алмаз — это необработанный бриллиант, наиболее твердый из минералов и дорогой среди драгоценных камней.\"}, \"origin\": {\"id\": 1, \"name\": \"природные\", \"description\": \"Минерал, образовавшийся в природе, который обладает красотой, редкостью и прочностью, делающими его ценным для использования в ювелирных изделиях\"}, \"inserts\": {\"unit\": \"карат\", \"weight\": 0.158, \"quantity\": 10, \"insert_id\": 245, \"dimensions\": {\"диаметр\": \"0.9 мм\"}, \"optional_info\": {\"facet\": \"A\", \"purity\": \"1\", \"clarity\": \"2\"}}, \"exterior\": {\"id\": 6, \"facet\": \"круг\", \"colour\": \"бесцветный\", \"facet_description\": \"Типичная форма для камня - круглая с 57 гранями, что позволяет полностью раскрыть красоту и блеск кристалла.\", \"colour_description\": \"\"}, \"opt_effect\": {\"id\": null, \"name\": null, \"description\": null}, \"classification\": {\"grade_id\": null, \"group_id\": 1, \"grade_name\": null, \"group_name\": \"драгоценные\", \"grade_description\": null, \"group_description\": \"Драгоценными камнями в России официально являются алмазы, рубины, изумруды, сапфиры, александриты и природный жемчуг\"}}]",
                "coverages": null,
                "metals": "[{\"metal\": \"золото\", \"colour\": \"красный\", \"hallmark\": 585, \"metal_id\": 1, \"colour_id\": 3, \"hallmark_id\": 3, \"metal_details\": \"золото цвет красный проба 585\", \"metal_details_id\": 2}]"
            }
        },
        {
            "id": 188,
            "type": "vJewelleries",
            "attributes": {
                "category_id": 1,
                "category": "браслеты",
                "name": "Браслеты платина проба 950  без покрытия цвет белый со вставками (верделит) артикул 854862741fe78e384ff6",
                "slug": "braslety-platina-proba-950-bez-pokrytiia-cvet-belyi-so-vstavkami-verdelit-artikul-854862741fe78e384ff6",
                "description": "No room!' they cried out when they liked, and left foot, so as to size,' Alice hastily replied; 'only one doesn't like changing so often, you know.' Alice had got so close to them, and was.",
                "part_number": "854862741fe78e384ff6",
                "approx_weight": "3.16",
                "is_active": true,
                "created_at": "2025-09-11 21:01:16",
                "updated_at": null,
                "quantity": 17,
                "avg_price": "214690.00",
                "max_price": "221620.00",
                "min_price": "208280.00",
                "spec_props": "{\"base\": \"металлическая\", \"clasp\": \"шарнир\", \"base_id\": 1, \"weaving\": \"ромб двойной\", \"clasp_id\": 10, \"body_part\": \"запястье\", \"weaving_id\": 11, \"bracelet_id\": 16, \"body_part_id\": 1, \"size_price_quantity\": [{\"size\": 16.5, \"price\": 208280.00, \"quantity\": 4}, {\"size\": 17.5, \"price\": 210330.00, \"quantity\": 0}, {\"size\": 18.5, \"price\": 212380.00, \"quantity\": 3}, {\"size\": 19.0, \"price\": 213410.00, \"quantity\": 7}, {\"size\": 19.5, \"price\": 214430.00, \"quantity\": 2}, {\"size\": 21.0, \"price\": 217510.00, \"quantity\": 0}, {\"size\": 22.0, \"price\": 219560.00, \"quantity\": 1}, {\"size\": 23.0, \"price\": 221620.00, \"quantity\": 0}]}",
                "inserts": "[{\"stone\": {\"id\": 68, \"name\": \"верделит\", \"alt_name\": \"верделит\", \"description\": \"Турмалин верделит – Самоцвет роскошного оттенка, заслуженно завоевавший почетное место у коллекционеров, ювелиров и ценителей искусства High Jewellery. Великолепие камня было отмечено многими королевскими династиями, укрепив престиж самоцвета. Само название переводится как зеленый камень\"}, \"family\": {\"id\": 12, \"name\": \"турмалин\", \"description\": \"Турмалин является одной из самых универсальных групп ювелирных камней и включает в себя ряд видов и разновидностей ювелирных камней\"}, \"origin\": {\"id\": 1, \"name\": \"природные\", \"description\": \"Минерал, образовавшийся в природе, который обладает красотой, редкостью и прочностью, делающими его ценным для использования в ювелирных изделиях\"}, \"inserts\": {\"unit\": \"карат\", \"weight\": 0.534, \"quantity\": 1, \"insert_id\": 247, \"dimensions\": {\"диаметр\": \"0.6 мм\"}, \"optional_info\": {\"info\": {\"name\": \"Yoshiko Hyatt\", \"description\": \"The next the Mouse replied very sleepy and even Stigand, the glass box that had a pig,' Alice the.\"}}}, \"exterior\": {\"id\": 6, \"facet\": \"круг\", \"colour\": \"зеленый\", \"facet_description\": \"Типичная форма для камня - круглая с 57 гранями, что позволяет полностью раскрыть красоту и блеск кристалла.\", \"colour_description\": \"\"}, \"opt_effect\": {\"id\": null, \"name\": null, \"description\": null}, \"classification\": {\"grade_id\": 3, \"group_id\": 2, \"grade_name\": \"ювелирный камень третьего порядка\", \"group_name\": \"ювелирные\", \"grade_description\": \"Градация для группы \\\"ювелирные камни\\\"\", \"group_description\": \"Группа камней следующая после драгоценных. Внутри группы камни подразделяются на четыре порядка\"}}]",
                "coverages": null,
                "metals": "[{\"metal\": \"платина\", \"colour\": \"белый\", \"hallmark\": 950, \"metal_id\": 3, \"colour_id\": 2, \"hallmark_id\": 15, \"metal_details\": \"платина цвет белый проба 950\", \"metal_details_id\": 3}]"
            }
        },
        {
            "id": 193,
            "type": "vJewelleries",
            "attributes": {
                "category_id": 1,
                "category": "браслеты",
                "name": "Браслеты платина проба 950  покрытие (алмазная грань) цвет белый со вставками (Сапфир выращенный наношпинель) артикул edfe46bdf8b692e19980",
                "slug": "braslety-platina-proba-950-pokrytie-almaznaia-gran-cvet-belyi-so-vstavkami-sapfir-vyrashhennyi-nanospinel-artikul-edfe46bdf8b692e19980",
                "description": "King. 'Nearly two miles high,' added the Dormouse, without considering at all a proper way of expecting nothing but the Gryphon whispered in a melancholy way, being quite unable to move. She soon.",
                "part_number": "edfe46bdf8b692e19980",
                "approx_weight": "1.01",
                "is_active": true,
                "created_at": "2025-09-11 21:01:16",
                "updated_at": null,
                "quantity": 28,
                "avg_price": "161490.00",
                "max_price": "167450.00",
                "min_price": "155270.00",
                "spec_props": "{\"base\": \"металлическая\", \"clasp\": \"слайдер\", \"base_id\": 1, \"weaving\": \"без плетения\", \"clasp_id\": 9, \"body_part\": \"запястье\", \"weaving_id\": 21, \"bracelet_id\": 17, \"body_part_id\": 1, \"size_price_quantity\": [{\"size\": 17.0, \"price\": 155270.00, \"quantity\": 5}, {\"size\": 19.5, \"price\": 159080.00, \"quantity\": 1}, {\"size\": 20.0, \"price\": 159840.00, \"quantity\": 6}, {\"size\": 22.0, \"price\": 162890.00, \"quantity\": 6}, {\"size\": 23.0, \"price\": 164410.00, \"quantity\": 1}, {\"size\": 25.0, \"price\": 167450.00, \"quantity\": 9}]}",
                "inserts": "[{\"stone\": {\"id\": 75, \"name\": \"Сапфир выращенный\", \"alt_name\": \"Сапфир гидротермальный\", \"description\": \"Современные методы синтеза позволяют выращивать кристаллы со свойствами, идентичными природным. Отличить их от обычных сапфиров под силу только специалисту.\"}, \"family\": {\"id\": 2, \"name\": \"корунд\", \"description\": \"Корунды – это вторая после алмазов группа минералов относящаяся к драгоценным и включает такие камни как Сапфир и Рубин\"}, \"origin\": {\"id\": 3, \"name\": \"выращенные\", \"description\": \"Аналоги природных камней выращенные в лабораторных условиях\"}, \"inserts\": {\"unit\": \"карат\", \"weight\": 1.321, \"quantity\": 4, \"insert_id\": 255, \"dimensions\": {\"высота\": \"3.8 мм\", \"ширина\": \"2.3 мм\"}, \"optional_info\": {\"info\": {\"name\": \"Cassandra Morissette\", \"description\": \"YOU with the Rabbit's voice; and the Mock Turtle to herself up by talking to the edge of a drawing.\"}}}, \"exterior\": {\"id\": 3, \"facet\": \"груша\", \"colour\": \"желтый\", \"facet_description\": \"Огранка «Груша» имеет 55-56 граней, как и огранка «Овал» и «Маркиз». Из-за своей удлиненной формы, камень в этой огранке выглядит крупнее.\", \"colour_description\": \"\"}, \"opt_effect\": {\"id\": null, \"name\": null, \"description\": null}, \"classification\": {\"grade_id\": null, \"group_id\": null, \"grade_name\": null, \"group_name\": null, \"grade_description\": null, \"group_description\": null}}, {\"stone\": {\"id\": 78, \"name\": \"наношпинель\", \"alt_name\": \"шпинель синтетическая\", \"description\": \"Наношпинель считается синтетическим аналогом шпинели, обладающим высокой прочностью. Именно эти качества позволяют использовать кристалл для создания самых разнообразных ювелирных украшений.\"}, \"family\": {\"id\": null, \"name\": null, \"description\": null}, \"origin\": {\"id\": 2, \"name\": \"имитация\", \"description\": \"Синтезированные в лабораторных условиях камни для имитации драгоценных, но с другим химическим составом\"}, \"inserts\": {\"unit\": \"карат\", \"weight\": 1.414, \"quantity\": 6, \"insert_id\": 256, \"dimensions\": {\"диаметр\": \"1.4 мм\"}, \"optional_info\": {\"info\": {\"name\": \"Dr. Preston Williamson\", \"description\": \"BEST butter,' the guinea-pigs cheered, and said, very curious appearance in the pepper-box in.\"}}}, \"exterior\": {\"id\": 6, \"facet\": \"круг\", \"colour\": \"синий\", \"facet_description\": \"Типичная форма для камня - круглая с 57 гранями, что позволяет полностью раскрыть красоту и блеск кристалла.\", \"colour_description\": \"\"}, \"opt_effect\": {\"id\": null, \"name\": null, \"description\": null}, \"classification\": {\"grade_id\": null, \"group_id\": null, \"grade_name\": null, \"group_name\": null, \"grade_description\": null, \"group_description\": null}}]",
                "coverages": "[{\"coverage\": \"алмазная грань\", \"coverage_id\": 4, \"coverage_type\": \"декоративное\", \"coverage_type_id\": 1}]",
                "metals": "[{\"metal\": \"платина\", \"colour\": \"белый\", \"hallmark\": 950, \"metal_id\": 3, \"colour_id\": 2, \"hallmark_id\": 15, \"metal_details\": \"платина цвет белый проба 950\", \"metal_details_id\": 3}]"
            }
        },
        {
            "id": 211,
            "type": "vJewelleries",
            "attributes": {
                "category_id": 1,
                "category": "браслеты",
                "name": "Браслеты золото проба 585  без покрытия цвет желтый со вставками (аметрин) артикул 2c1c2d2cee536503a9c9",
                "slug": "braslety-zoloto-proba-585-bez-pokrytiia-cvet-zeltyi-so-vstavkami-ametrin-artikul-2c1c2d2cee536503a9c9",
                "description": "Mouse, who was talking. 'How CAN I have to go on in the same thing, you know.' 'I don't think it's at all a pity. I said \"What for?\"' 'She boxed the Queen's hedgehog just now, only it ran away when.",
                "part_number": "2c1c2d2cee536503a9c9",
                "approx_weight": "7.88",
                "is_active": true,
                "created_at": "2025-09-11 21:01:18",
                "updated_at": null,
                "quantity": 27,
                "avg_price": "266586.67",
                "max_price": "281740.00",
                "min_price": "256130.00",
                "spec_props": "{\"base\": \"металлическая\", \"clasp\": \"тогл\", \"base_id\": 1, \"weaving\": null, \"clasp_id\": 6, \"body_part\": \"щиколотка\", \"weaving_id\": null, \"bracelet_id\": 18, \"body_part_id\": 2, \"size_price_quantity\": [{\"size\": 15.0, \"price\": 256130.00, \"quantity\": 8}, {\"size\": 16.5, \"price\": 259970.00, \"quantity\": 8}, {\"size\": 17.0, \"price\": 261250.00, \"quantity\": 7}, {\"size\": 18.0, \"price\": 263810.00, \"quantity\": 1}, {\"size\": 23.0, \"price\": 276620.00, \"quantity\": 3}, {\"size\": 25.0, \"price\": 281740.00, \"quantity\": 0}]}",
                "inserts": "[{\"stone\": {\"id\": 45, \"name\": \"аметрин\", \"alt_name\": \"боливианит\", \"description\": \"Аметрин (аметист-цитрин, боливианит) – один из самых необыкновенных ювелирных камней.\"}, \"family\": {\"id\": 9, \"name\": \"кварц\", \"description\": \"Кварц является вторым наиболее распространенным минералом на земле после полевого шпата, группа включает Агат, Аметист, Авантюрин, Сердолик, Оникс и другие\"}, \"origin\": {\"id\": 1, \"name\": \"природные\", \"description\": \"Минерал, образовавшийся в природе, который обладает красотой, редкостью и прочностью, делающими его ценным для использования в ювелирных изделиях\"}, \"inserts\": {\"unit\": \"карат\", \"weight\": 1.207, \"quantity\": 10, \"insert_id\": 272, \"dimensions\": {\"высота\": \"3.6 мм\", \"ширина\": \"2.7 мм\"}, \"optional_info\": {\"info\": {\"name\": \"Dr. Micheal Pollich\", \"description\": \"King had grown up at the chimney, and broke off quarrelling all her in a dear paws! Oh my ears and.\"}}}, \"exterior\": {\"id\": 9, \"facet\": \"овал\", \"colour\": \"желтый\", \"facet_description\": \"Благодаря удлиненной форме и 57 клиновидным граням камень красиво сверкает и переливается\", \"colour_description\": \"\"}, \"opt_effect\": {\"id\": null, \"name\": null, \"description\": null}, \"classification\": {\"grade_id\": 2, \"group_id\": 2, \"grade_name\": \"ювелирный камень второго порядка\", \"group_name\": \"ювелирные\", \"grade_description\": \"Градация для группы \\\"ювелирные камни\\\"\", \"group_description\": \"Группа камней следующая после драгоценных. Внутри группы камни подразделяются на четыре порядка\"}}]",
                "coverages": null,
                "metals": "[{\"metal\": \"золото\", \"colour\": \"желтый\", \"hallmark\": 585, \"metal_id\": 1, \"colour_id\": 1, \"hallmark_id\": 3, \"metal_details\": \"золото цвет желтый проба 585\", \"metal_details_id\": 7}]"
            }
        },
        {
            "id": 238,
            "type": "vJewelleries",
            "attributes": {
                "category_id": 1,
                "category": "браслеты",
                "name": "Браслеты золото проба 750  без покрытия цвет красный со вставками (толаз империал) артикул e9e758388b43c0b4bdb7",
                "slug": "braslety-zoloto-proba-750-bez-pokrytiia-cvet-krasnyi-so-vstavkami-tolaz-imperial-artikul-e9e758388b43c0b4bdb7",
                "description": "Knave. The Knave did so, and were resting in the night? Let me see: four times six is thirteen, and four times five is twelve, and four times six is thirteen, and four times six is thirteen, and.",
                "part_number": "e9e758388b43c0b4bdb7",
                "approx_weight": "8.16",
                "is_active": true,
                "created_at": "2025-09-11 21:01:21",
                "updated_at": null,
                "quantity": 64,
                "avg_price": "233097.86",
                "max_price": "245370.00",
                "min_price": "223060.00",
                "spec_props": "{\"base\": \"металлическая\", \"clasp\": \"магнитная\", \"base_id\": 1, \"weaving\": \"гарибальди\", \"clasp_id\": 5, \"body_part\": \"запястье\", \"weaving_id\": 3, \"bracelet_id\": 22, \"body_part_id\": 1, \"size_price_quantity\": [{\"size\": 15.0, \"price\": 223060.00, \"quantity\": 0}, {\"size\": 16.0, \"price\": 225290.00, \"quantity\": 2}, {\"size\": 16.5, \"price\": 226410.00, \"quantity\": 0}, {\"size\": 17.0, \"price\": 227520.00, \"quantity\": 10}, {\"size\": 17.5, \"price\": 228640.00, \"quantity\": 7}, {\"size\": 18.0, \"price\": 229750.00, \"quantity\": 4}, {\"size\": 18.5, \"price\": 230870.00, \"quantity\": 1}, {\"size\": 19.5, \"price\": 233100.00, \"quantity\": 9}, {\"size\": 20.0, \"price\": 234210.00, \"quantity\": 7}, {\"size\": 21.0, \"price\": 236440.00, \"quantity\": 1}, {\"size\": 22.0, \"price\": 238670.00, \"quantity\": 0}, {\"size\": 23.0, \"price\": 240900.00, \"quantity\": 10}, {\"size\": 24.0, \"price\": 243140.00, \"quantity\": 6}, {\"size\": 25.0, \"price\": 245370.00, \"quantity\": 7}]}",
                "inserts": "[{\"stone\": {\"id\": 61, \"name\": \"толаз империал\", \"alt_name\": \"топаз империал\", \"description\": \"Империал-топазы (Imperial Topaz) - желто-оранжевые, оранжево-коричневые топазы, цвет насыщенный, оцениваются очень высоко\"}, \"family\": {\"id\": 11, \"name\": \"топаз\", \"description\": \"Топаз — очень важная группа драгоценных камней, широко используемых в коммерческих ювелирных изделиях.\"}, \"origin\": {\"id\": 1, \"name\": \"природные\", \"description\": \"Минерал, образовавшийся в природе, который обладает красотой, редкостью и прочностью, делающими его ценным для использования в ювелирных изделиях\"}, \"inserts\": {\"unit\": \"карат\", \"weight\": 0.677, \"quantity\": 3, \"insert_id\": 310, \"dimensions\": {\"высота\": \"3.8 мм\", \"ширина\": \"2.8 мм\"}, \"optional_info\": {\"info\": {\"name\": \"Stefan Funk\", \"description\": \"The Dormouse had been picked up by his watch them, and was sent for.' 'You MUST remember,'.\"}}}, \"exterior\": {\"id\": 9, \"facet\": \"овал\", \"colour\": \"оранжевый\", \"facet_description\": \"Благодаря удлиненной форме и 57 клиновидным граням камень красиво сверкает и переливается\", \"colour_description\": \"\"}, \"opt_effect\": {\"id\": null, \"name\": null, \"description\": null}, \"classification\": {\"grade_id\": 2, \"group_id\": 2, \"grade_name\": \"ювелирный камень второго порядка\", \"group_name\": \"ювелирные\", \"grade_description\": \"Градация для группы \\\"ювелирные камни\\\"\", \"group_description\": \"Группа камней следующая после драгоценных. Внутри группы камни подразделяются на четыре порядка\"}}]",
                "coverages": null,
                "metals": "[{\"metal\": \"золото\", \"colour\": \"красный\", \"hallmark\": 750, \"metal_id\": 1, \"colour_id\": 3, \"hallmark_id\": 4, \"metal_details\": \"золото цвет красный проба 750\", \"metal_details_id\": 13}]"
            }
        },
        {
            "id": 314,
            "type": "vJewelleries",
            "attributes": {
                "category_id": 1,
                "category": "браслеты",
                "name": "Браслеты золото проба 375  без покрытия цвет красный со вставками (сапфир) артикул 58a90cf9e81ab5d95b17",
                "slug": "braslety-zoloto-proba-375-bez-pokrytiia-cvet-krasnyi-so-vstavkami-sapfir-artikul-58a90cf9e81ab5d95b17",
                "description": "I say--that's the same side of the shelves as she could, 'If you didn't sign it,' said the Queen, 'Really, my dear, YOU must cross-examine THIS witness.' 'Well, if I only knew how to get in?' she.",
                "part_number": "58a90cf9e81ab5d95b17",
                "approx_weight": "4.16",
                "is_active": true,
                "created_at": "2025-09-11 21:01:28",
                "updated_at": null,
                "quantity": 79,
                "avg_price": "156787.27",
                "max_price": "164540.00",
                "min_price": "149580.00",
                "spec_props": "{\"base\": \"металлическая\", \"clasp\": \"магнитная\", \"base_id\": 1, \"weaving\": null, \"clasp_id\": 5, \"body_part\": \"запястье\", \"weaving_id\": null, \"bracelet_id\": 28, \"body_part_id\": 1, \"size_price_quantity\": [{\"size\": 15.0, \"price\": 149580.00, \"quantity\": 4}, {\"size\": 16.5, \"price\": 151820.00, \"quantity\": 4}, {\"size\": 17.5, \"price\": 153320.00, \"quantity\": 8}, {\"size\": 18.0, \"price\": 154070.00, \"quantity\": 9}, {\"size\": 18.5, \"price\": 154820.00, \"quantity\": 5}, {\"size\": 19.0, \"price\": 155560.00, \"quantity\": 10}, {\"size\": 19.5, \"price\": 156310.00, \"quantity\": 7}, {\"size\": 22.0, \"price\": 160050.00, \"quantity\": 10}, {\"size\": 23.0, \"price\": 161550.00, \"quantity\": 4}, {\"size\": 24.0, \"price\": 163040.00, \"quantity\": 8}, {\"size\": 25.0, \"price\": 164540.00, \"quantity\": 10}]}",
                "inserts": "[{\"stone\": {\"id\": 4, \"name\": \"сапфир\", \"alt_name\": \"лазоревый яхонт\", \"description\": \"Сапфир это драгоценный камень, который относится к классу корундов и отличается самыми разнообразными оттенками синего\"}, \"family\": {\"id\": 2, \"name\": \"корунд\", \"description\": \"Корунды – это вторая после алмазов группа минералов относящаяся к драгоценным и включает такие камни как Сапфир и Рубин\"}, \"origin\": {\"id\": 1, \"name\": \"природные\", \"description\": \"Минерал, образовавшийся в природе, который обладает красотой, редкостью и прочностью, делающими его ценным для использования в ювелирных изделиях\"}, \"inserts\": {\"unit\": \"карат\", \"weight\": 1.337, \"quantity\": 9, \"insert_id\": 409, \"dimensions\": {\"высота\": \"5.1 мм\", \"ширина\": \"3.5 мм\"}, \"optional_info\": {\"info\": {\"name\": \"Jeff Fay\", \"description\": \"King say 'Drink me,' said Alice, 'we learned French lesson-book. The King said the mouse doesn't.\"}}}, \"exterior\": {\"id\": 8, \"facet\": \"маркиз\", \"colour\": \"синий\", \"facet_description\": \"Форма огранки «Маркиз» - овальная, вытянутая и заостренная с обоих концов. Все 55 граней мерцают и переливаются, что подчеркивает красоту камней\", \"colour_description\": \"\"}, \"opt_effect\": {\"id\": null, \"name\": null, \"description\": null}, \"classification\": {\"grade_id\": null, \"group_id\": 1, \"grade_name\": null, \"group_name\": \"драгоценные\", \"grade_description\": null, \"group_description\": \"Драгоценными камнями в России официально являются алмазы, рубины, изумруды, сапфиры, александриты и природный жемчуг\"}}]",
                "coverages": null,
                "metals": "[{\"metal\": \"золото\", \"colour\": \"красный\", \"hallmark\": 375, \"metal_id\": 1, \"colour_id\": 3, \"hallmark_id\": 1, \"metal_details\": \"золото цвет красный проба 375\", \"metal_details_id\": 10}]"
            }
        },
        {
            "id": 385,
            "type": "vJewelleries",
            "attributes": {
                "category_id": 1,
                "category": "браслеты",
                "name": "Браслеты платина проба 950  без покрытия цвет белый со вставками (амазонит) артикул 49c050fa1c1f9b561cdd",
                "slug": "braslety-platina-proba-950-bez-pokrytiia-cvet-belyi-so-vstavkami-amazonit-artikul-49c050fa1c1f9b561cdd",
                "description": "Alice as he spoke. 'UNimportant, of course, to begin lessons: you'd only have to turn round on its axis--' 'Talking of axes,' said the King. The White Rabbit hurried by--the frightened Mouse.",
                "part_number": "49c050fa1c1f9b561cdd",
                "approx_weight": "1.44",
                "is_active": true,
                "created_at": "2025-09-11 21:01:36",
                "updated_at": null,
                "quantity": 48,
                "avg_price": "182785.33",
                "max_price": "192470.00",
                "min_price": "174970.00",
                "spec_props": "{\"base\": \"металлическая\", \"clasp\": \"без замка\", \"base_id\": 1, \"weaving\": \"питон\", \"clasp_id\": 11, \"body_part\": \"запястье\", \"weaving_id\": 9, \"bracelet_id\": 35, \"body_part_id\": 1, \"size_price_quantity\": [{\"size\": 15.0, \"price\": 174970.00, \"quantity\": 0}, {\"size\": 16.0, \"price\": 176720.00, \"quantity\": 3}, {\"size\": 16.5, \"price\": 177590.00, \"quantity\": 2}, {\"size\": 17.0, \"price\": 178470.00, \"quantity\": 4}, {\"size\": 17.5, \"price\": 179340.00, \"quantity\": 3}, {\"size\": 18.0, \"price\": 180220.00, \"quantity\": 6}, {\"size\": 18.5, \"price\": 181090.00, \"quantity\": 0}, {\"size\": 19.0, \"price\": 181970.00, \"quantity\": 3}, {\"size\": 19.5, \"price\": 182840.00, \"quantity\": 0}, {\"size\": 20.0, \"price\": 183720.00, \"quantity\": 7}, {\"size\": 21.0, \"price\": 185470.00, \"quantity\": 4}, {\"size\": 22.0, \"price\": 187220.00, \"quantity\": 3}, {\"size\": 23.0, \"price\": 188970.00, \"quantity\": 6}, {\"size\": 24.0, \"price\": 190720.00, \"quantity\": 4}, {\"size\": 25.0, \"price\": 192470.00, \"quantity\": 3}]}",
                "inserts": "[{\"stone\": {\"id\": 19, \"name\": \"амазонит\", \"alt_name\": \"амазонский камень, амазонский джад\", \"description\": \"Калиевый полевой шпат от желто-зеленого до зеленовато-синего цвета класса микроклина.\"}, \"family\": {\"id\": 5, \"name\": \"полевой шпат\", \"description\": \"Группа ювелирных камней полевой шпат включают в себя Амазонит, Лабрадорит, Лунный камень. \"}, \"origin\": {\"id\": 1, \"name\": \"природные\", \"description\": \"Минерал, образовавшийся в природе, который обладает красотой, редкостью и прочностью, делающими его ценным для использования в ювелирных изделиях\"}, \"inserts\": {\"unit\": \"карат\", \"weight\": 0.774, \"quantity\": 9, \"insert_id\": 511, \"dimensions\": {\"высота\": \"5.9 мм\", \"ширина\": \"3.1 мм\"}, \"optional_info\": {\"info\": {\"name\": \"Mr. Dwight Abbott\", \"description\": \"She is it?' said very uneasy: to say which), and was the darkness as well as this time?' she could.\"}}}, \"exterior\": {\"id\": 8, \"facet\": \"маркиз\", \"colour\": \"зеленый\", \"facet_description\": \"Форма огранки «Маркиз» - овальная, вытянутая и заостренная с обоих концов. Все 55 граней мерцают и переливаются, что подчеркивает красоту камней\", \"colour_description\": \"\"}, \"opt_effect\": {\"id\": null, \"name\": null, \"description\": null}, \"classification\": {\"grade_id\": 6, \"group_id\": 3, \"grade_name\": \"ювелирно-поделочный камень второго порядка\", \"group_name\": \"ювелирно-поделочные\", \"grade_description\": \"Градация для группы \\\"ювелирно-поделочные камни\\\"\", \"group_description\": \"Группа камней следующая после драгоценных и ювелирных. Внутри группы камни подразделяются на два порядка\"}}]",
                "coverages": null,
                "metals": "[{\"metal\": \"платина\", \"colour\": \"белый\", \"hallmark\": 950, \"metal_id\": 3, \"colour_id\": 2, \"hallmark_id\": 15, \"metal_details\": \"платина цвет белый проба 950\", \"metal_details_id\": 3}]"
            }
        },
        {
            "id": 400,
            "type": "vJewelleries",
            "attributes": {
                "category_id": 1,
                "category": "браслеты",
                "name": "Браслеты платина проба 950  без покрытия цвет белый со вставками (александрит) артикул d369ebc17b2eeb3d51fc",
                "slug": "braslety-platina-proba-950-bez-pokrytiia-cvet-belyi-so-vstavkami-aleksandrit-artikul-d369ebc17b2eeb3d51fc",
                "description": "Alice felt so desperate that she ought not to be no use in saying anything more till the eyes appeared, and then said, 'It was much pleasanter at home,' thought poor Alice, who felt ready to sink.",
                "part_number": "d369ebc17b2eeb3d51fc",
                "approx_weight": "5.9",
                "is_active": true,
                "created_at": "2025-09-11 21:01:37",
                "updated_at": null,
                "quantity": 20,
                "avg_price": "97068.00",
                "max_price": "100190.00",
                "min_price": "93300.00",
                "spec_props": "{\"base\": \"металлическая\", \"clasp\": \"слайдер\", \"base_id\": 1, \"weaving\": \"бисмарк\", \"clasp_id\": 9, \"body_part\": \"запястье\", \"weaving_id\": 1, \"bracelet_id\": 37, \"body_part_id\": 1, \"size_price_quantity\": [{\"size\": 16.5, \"price\": 93300.00, \"quantity\": 0}, {\"size\": 19.5, \"price\": 96060.00, \"quantity\": 7}, {\"size\": 21.0, \"price\": 97440.00, \"quantity\": 3}, {\"size\": 22.0, \"price\": 98350.00, \"quantity\": 1}, {\"size\": 24.0, \"price\": 100190.00, \"quantity\": 9}]}",
                "inserts": "[{\"stone\": {\"id\": 16, \"name\": \"александрит\", \"alt_name\": \"хризоберилл\", \"description\": \"Редкая разновидность хризоберилла, меняющая цвет: красный при свете лампы накаливания и зеленый при дневном свете.\"}, \"family\": {\"id\": 4, \"name\": \"хризоберилл\", \"description\": \"Хризоберилл драгоценный минерал, самый известный камень этой группы Алксандрит\"}, \"origin\": {\"id\": 1, \"name\": \"природные\", \"description\": \"Минерал, образовавшийся в природе, который обладает красотой, редкостью и прочностью, делающими его ценным для использования в ювелирных изделиях\"}, \"inserts\": {\"unit\": \"карат\", \"weight\": 0.711, \"quantity\": 2, \"insert_id\": 529, \"dimensions\": {\"высота\": \"5.1 мм\", \"ширина\": \"2 мм\"}, \"optional_info\": {\"info\": {\"name\": \"Lexi Doyle\", \"description\": \"While the same thing as she had slipped the games now.' 'If any pepper that done,' she could. 'The.\"}}}, \"exterior\": {\"id\": 13, \"facet\": \"сердце\", \"colour\": \"зеленый\", \"facet_description\": \"Огранка «Сердце» выглядит очень романтично. Техника получения сердца аналогична грушевой огранке. Однако она более сложная, трудоемкая и дорогостоящая.\", \"colour_description\": \"\"}, \"opt_effect\": {\"id\": 3, \"name\": \"изменчивость цвета\", \"description\": \" Плеохроизм - волшебный эффект, позволяющий некоторым драгоценным камням менять цвет, если смотреть на них под разными углами или при разном освещении.\"}, \"classification\": {\"grade_id\": null, \"group_id\": 1, \"grade_name\": null, \"group_name\": \"драгоценные\", \"grade_description\": null, \"group_description\": \"Драгоценными камнями в России официально являются алмазы, рубины, изумруды, сапфиры, александриты и природный жемчуг\"}}]",
                "coverages": null,
                "metals": "[{\"metal\": \"платина\", \"colour\": \"белый\", \"hallmark\": 950, \"metal_id\": 3, \"colour_id\": 2, \"hallmark_id\": 15, \"metal_details\": \"платина цвет белый проба 950\", \"metal_details_id\": 3}]"
            }
        }
    ],
    "meta": {
        "current_page": 1,
        "from": 1,
        "last_page": 3,
        "links": [
            {
                "url": null,
                "label": "&laquo; Previous",
                "active": false
            },
            {
                "url": "http://localhost:8302/api/site/v-jewelleries?q=%2Fapi%2Fsite%2Fv-jewelleries&sort=id&filter%5Bprice_range%5D=100000%2C270000&filter%5Bcategory_id%5D=1&page=1",
                "label": "1",
                "active": true
            },
            {
                "url": "http://localhost:8302/api/site/v-jewelleries?q=%2Fapi%2Fsite%2Fv-jewelleries&sort=id&filter%5Bprice_range%5D=100000%2C270000&filter%5Bcategory_id%5D=1&page=2",
                "label": "2",
                "active": false
            },
            {
                "url": "http://localhost:8302/api/site/v-jewelleries?q=%2Fapi%2Fsite%2Fv-jewelleries&sort=id&filter%5Bprice_range%5D=100000%2C270000&filter%5Bcategory_id%5D=1&page=3",
                "label": "3",
                "active": false
            },
            {
                "url": "http://localhost:8302/api/site/v-jewelleries?q=%2Fapi%2Fsite%2Fv-jewelleries&sort=id&filter%5Bprice_range%5D=100000%2C270000&filter%5Bcategory_id%5D=1&page=2",
                "label": "Next &raquo;",
                "active": false
            }
        ],
        "path": "http://localhost:8302/api/site/v-jewelleries",
        "per_page": 15,
        "to": 15,
        "total": 35
    },
    "links": {
        "first": "http://localhost:8302/api/site/v-jewelleries?q=%2Fapi%2Fsite%2Fv-jewelleries&sort=id&filter%5Bprice_range%5D=100000%2C270000&filter%5Bcategory_id%5D=1&page=1",
        "last": "http://localhost:8302/api/site/v-jewelleries?q=%2Fapi%2Fsite%2Fv-jewelleries&sort=id&filter%5Bprice_range%5D=100000%2C270000&filter%5Bcategory_id%5D=1&page=3",
        "prev": null,
        "next": "http://localhost:8302/api/site/v-jewelleries?q=%2Fapi%2Fsite%2Fv-jewelleries&sort=id&filter%5Bprice_range%5D=100000%2C270000&filter%5Bcategory_id%5D=1&page=2"
    },
    "menu": [
        {
            "categories": [
                {
                    "id": 1,
                    "name": "браслеты"
                },
                {
                    "id": 2,
                    "name": "броши"
                },
                {
                    "id": 3,
                    "name": "зажим для галстука"
                },
                {
                    "id": 4,
                    "name": "запонки"
                },
                {
                    "id": 5,
                    "name": "колье"
                },
                {
                    "id": 6,
                    "name": "кольца"
                },
                {
                    "id": 7,
                    "name": "пирсинг"
                },
                {
                    "id": 8,
                    "name": "подвески"
                },
                {
                    "id": 9,
                    "name": "подвески-шарм"
                },
                {
                    "id": 10,
                    "name": "серьги"
                },
                {
                    "id": 11,
                    "name": "цепи"
                },
                {
                    "id": 12,
                    "name": "бусы"
                }
            ],
            "price_range": [
                {
                    "max_price": "429240.00",
                    "min_price": "12700.00"
                }
            ],
            "approx_weight_range": [
                {
                    "max_weight": "9.99",
                    "min_weight": "0.29"
                }
            ],
            "metals": [
                {
                    "id": 1,
                    "name": "золото"
                },
                {
                    "id": 3,
                    "name": "платина"
                },
                {
                    "id": 4,
                    "name": "палладий"
                }
            ],
            "coverages": [
                {
                    "id": 2,
                    "name": "родирование"
                },
                {
                    "id": 3,
                    "name": "эмаль"
                },
                {
                    "id": 4,
                    "name": "алмазная грань"
                }
            ],
            "inserts": {
                "stones": [
                    {
                        "id": 1,
                        "name": "бриллиант"
                    },
                    {
                        "id": 2,
                        "name": "рубин"
                    },
                    {
                        "id": 4,
                        "name": "сапфир"
                    },
                    {
                        "id": 5,
                        "name": "сапфир хамелеон"
                    },
                    {
                        "id": 6,
                        "name": "сапфир звездчатый"
                    },
                    {
                        "id": 8,
                        "name": "аквамарин"
                    },
                    {
                        "id": 11,
                        "name": "изумруд кошачий глаз"
                    },
                    {
                        "id": 12,
                        "name": "изумруд"
                    },
                    {
                        "id": 13,
                        "name": "берилл бесцветный"
                    },
                    {
                        "id": 15,
                        "name": "гелиодор"
                    }
                ],
                "families": [
                    {
                        "id": 1,
                        "name": "алмаз"
                    },
                    {
                        "id": 2,
                        "name": "корунд"
                    },
                    {
                        "id": 3,
                        "name": "берилл"
                    },
                    {
                        "id": 4,
                        "name": "хризоберилл"
                    },
                    {
                        "id": 5,
                        "name": "полевой шпат"
                    },
                    {
                        "id": 6,
                        "name": "гранат"
                    },
                    {
                        "id": 8,
                        "name": "опал"
                    },
                    {
                        "id": 9,
                        "name": "кварц"
                    },
                    {
                        "id": 10,
                        "name": "шпинель"
                    },
                    {
                        "id": 11,
                        "name": "топаз"
                    },
                    {
                        "id": 12,
                        "name": "турмалин"
                    },
                    {
                        "id": 13,
                        "name": "циркон"
                    },
                    {
                        "id": 15,
                        "name": "биоген"
                    }
                ],
                "groups": [
                    {
                        "id": 1,
                        "name": "драгоценные"
                    },
                    {
                        "id": 2,
                        "name": "ювелирные"
                    },
                    {
                        "id": 3,
                        "name": "ювелирно-поделочные"
                    }
                ]
            }
        }
    ]
}